time,open,high,low,close,tick_volume,spread,real_volume,mma_20
2020-03-26,74956.0,78846.0,74923.0,77710.0,2922993,0,1276642700,
2020-03-27,77708.0,77708.0,73057.0,73429.0,2332573,0,1030616300,
2020-03-30,73431.0,75430.0,73184.0,74639.0,4013262,0,1806431400,
2020-03-31,74629.0,75511.0,72385.0,73020.0,2292416,0,1116875800,
2020-04-01,73011.0,73011.0,69569.0,70967.0,2454909,0,1009340700,
2020-04-02,70969.0,73861.0,70957.0,72253.0,2201485,0,1054012300,
2020-04-03,72241.0,72241.0,67802.0,69538.0,2380616,0,1041127700,
2020-04-06,69556.0,75260.0,69556.0,74073.0,1996020,0,970704300,
2020-04-07,74078.0,79855.0,74078.0,76358.0,2511389,0,1128621700,
2020-04-08,76335.0,79058.0,76115.0,78625.0,2064389,0,1020629300,
2020-04-09,78640.0,80428.0,77457.0,77682.0,2266751,0,1074852400,
2020-04-13,77682.0,78836.0,76405.0,78836.0,1707194,0,764743400,
2020-04-14,78862.0,81668.0,78862.0,79918.0,6007396,0,2577943800,
2020-04-15,79911.0,80035.0,77546.0,78831.0,1990161,0,976298400,
2020-04-16,78837.0,80167.0,77452.0,77812.0,2011454,0,902664900,
2020-04-17,77817.0,79846.0,77754.0,78990.0,1825297,0,831613100,
2020-04-20,78989.0,80106.0,76943.0,78973.0,1869083,0,887436900,
2020-04-22,78973.0,81184.0,78973.0,80687.0,2118685,0,983883700,
2020-04-23,80690.0,81934.0,78622.0,79673.0,2288796,0,1082235200,
2020-04-24,79667.0,79667.0,72041.0,75331.0,3865497,0,1653888000,76367.25
2020-04-27,75334.0,78563.0,75327.0,78239.0,2148667,0,1065568200,76393.7
2020-04-28,78243.0,81427.0,78243.0,81312.0,2354755,0,1294352100,76787.85
2020-04-29,81313.0,83598.0,81313.0,83171.0,2223539,0,1171925300,77214.45
2020-04-30,83139.0,83155.0,80168.0,80506.0,2121235,0,1180251200,77588.75
2020-05-04,80501.0,80502.0,77640.0,78876.0,4172627,0,1757001900,77984.2
2020-05-05,78887.0,81066.0,78886.0,79471.0,5087309,0,2746386700,78345.1
2020-05-06,79473.0,79996.0,78056.0,79064.0,1962162,0,977574400,78821.4
2020-05-07,79072.0,80061.0,78061.0,78119.0,3047928,0,1381420100,79023.7
2020-05-08,78152.0,80557.0,78152.0,80263.0,1969099,0,1075394800,79218.95
2020-05-11,80253.0,80723.0,78994.0,79065.0,2026968,0,995445100,79240.95
2020-05-12,79062.0,80344.0,77872.0,77872.0,2134682,0,1024475000,79250.45
2020-05-13,77877.0,78911.0,77152.0,77772.0,32790212,0,16206934800,79197.25
2020-05-14,77770.0,79011.0,75697.0,79011.0,2601059,0,1381743900,79151.9
2020-05-15,79011.0,79538.0,77426.0,77557.0,2190082,0,1175890200,79088.2
2020-05-18,77576.0,81420.0,77571.0,81194.0,2258249,0,1152797100,79257.3
2020-05-19,81197.0,82175.0,80647.0,80742.0,2247608,0,1073824200,79344.9
2020-05-20,80747.0,82290.0,80740.0,81319.0,2019341,0,952193400,79462.2
2020-05-21,81317.0,83309.0,81317.0,83027.0,2447460,0,1142893500,79579.2
2020-05-22,83027.0,83027.0,81669.0,82173.0,1883518,0,928049300,79704.2
2020-05-25,82198.0,85876.0,82193.0,85663.0,1685808,0,876347200,80220.8
2020-05-26,85668.0,87333.0,85396.0,85469.0,2346428,0,1202994300,80582.3
2020-05-27,85468.0,87946.0,85468.0,87946.0,2072358,0,1121700400,80914.0
2020-05-28,87946.0,88091.0,86767.0,86949.0,2023144,0,1011661900,81102.9
2020-05-29,86951.0,87410.0,85384.0,87403.0,2598547,0,1661633600,81447.75
2020-06-01,87394.0,89019.0,86837.0,88620.0,5875555,0,2954500300,81934.95
2020-06-02,88622.0,91046.0,88622.0,91046.0,2312066,0,1183308700,82513.7
2020-06-03,91051.0,93710.0,91051.0,93002.0,3046588,0,1517770200,83210.6
2020-06-04,92993.0,94132.0,92221.0,93829.0,2279573,0,1149622100,83996.1
2020-06-05,93840.0,97356.0,93839.0,94637.0,2779272,0,1332394100,84714.8
2020-06-08,94640.0,97693.0,94635.0,97645.0,2218282,0,1109354000,85643.8
2020-06-09,97644.0,97644.0,95386.0,96747.0,2378250,0,1129654600,86587.55
2020-06-10,96747.0,97646.0,94665.0,94686.0,2480064,0,1173908000,87433.25
2020-06-12,94677.0,94703.0,90811.0,92795.0,2953288,0,1275619400,88122.45
2020-06-15,92780.0,93112.0,90148.0,92376.0,2518553,0,1331679800,88863.4
2020-06-16,92387.0,95216.0,92387.0,93531.0,2436907,0,1203332400,89480.25
2020-06-17,93531.0,96611.0,93531.0,95547.0,2161400,0,1113141600,90220.5
2020-06-18,95547.0,97110.0,94698.0,96125.0,2009724,0,1005277000,90960.8
2020-06-19,96138.0,97540.0,95874.0,96572.0,2124836,0,1313393900,91638.05
2020-06-22,96572.0,96870.0,94869.0,95336.0,1699835,0,826396300,92296.2
2020-06-23,95344.0,97486.0,95344.0,95975.0,1823133,0,975164200,92811.8
2020-06-24,95974.0,95974.0,93259.0,94377.0,1844815,0,997964200,93257.2
2020-06-25,94384.0,96260.0,94152.0,95983.0,1751070,0,869427300,93659.05
2020-06-26,95979.0,95979.0,93514.0,93834.0,1682280,0,843887600,94003.3
2020-06-29,93837.0,95735.0,93825.0,95735.0,1565582,0,890109900,94419.9
2020-06-30,95728.0,96257.0,94806.0,95056.0,1833234,0,1014192800,94741.7
2020-07-01,95062.0,96852.0,95062.0,96203.0,1975917,0,1016054600,94999.55
2020-07-02,96206.0,97864.0,96052.0,96235.0,1865508,0,1006221400,95161.2
2020-07-03,96237.0,96765.0,95803.0,96765.0,981635,0,535142600,95308.0
2020-07-06,96776.0,99257.0,96768.0,98937.0,1872479,0,948934500,95523.0
2020-07-07,98937.0,98938.0,97272.0,97761.0,1792696,0,896895300,95528.8
2020-07-08,97765.0,99973.0,97765.0,99770.0,1705758,0,914365400,95679.95
2020-07-09,99770.0,100191.0,98861.0,99160.0,3303631,0,1896975500,95903.65
2020-07-10,99160.0,100101.0,98739.0,100032.0,1568145,0,928720400,96265.5
2020-07-13,100027.0,100858.0,98697.0,98697.0,1873780,0,1039713000,96581.55
2020-07-14,98699.0,100632.0,98289.0,100440.0,1839570,0,1002701100,96927.0
2020-07-15,100444.0,102114.0,100444.0,101791.0,1989305,0,929792100,97239.2
2020-07-16,101792.0,101792.0,100160.0,100553.0,1646083,0,812679800,97460.6
2020-07-17,100554.0,103017.0,100554.0,102888.0,2103617,0,1048926400,97776.4
2020-07-20,102876.0,104439.0,102744.0,104426.0,1776894,0,896010600,98230.9
2020-07-21,104427.0,105449.0,103732.0,104310.0,2123502,0,1110577700,98647.65
2020-07-22,104312.0,104980.0,103277.0,104290.0,2011291,0,1094081200,99143.3
2020-07-23,104291.0,104949.0,102119.0,102293.0,1908905,0,1036654700,99458.8
2020-07-24,102292.0,102694.0,100859.0,102382.0,1831625,0,979517200,99886.2
2020-07-27,102381.0,104585.0,102381.0,104477.0,3587159,0,1931625800,100323.3
2020-07-28,104477.0,104663.0,103592.0,104109.0,1738742,0,909002600,100775.95
2020-07-29,104112.0,105704.0,104112.0,105605.0,1676237,0,923823800,101246.05
2020-07-30,105605.0,105607.0,103920.0,105009.0,1677104,0,959166300,101684.75
2020-07-31,105010.0,105462.0,102642.0,102912.0,2139468,0,1292931100,101992.1
2020-08-03,102913.0,103863.0,102304.0,102830.0,2169874,0,1090096800,102186.75
2020-08-04,102826.0,103012.0,100005.0,101216.0,2133926,0,1203179000,102359.5
2020-08-05,101220.0,103763.0,101220.0,102802.0,2034643,0,1092109300,102511.1
2020-08-06,102795.0,104523.0,102795.0,104126.0,373995068,0,179124811700,102759.4
2020-08-07,104116.0,104126.0,101957.0,102776.0,3986473,0,2067700200,102896.6
2020-08-10,102777.0,103723.0,101282.0,103445.0,1726011,0,827362000,103134.0
2020-08-11,103459.0,104409.0,102174.0,102174.0,1974390,0,936297300,103220.7
2020-08-12,102176.0,103116.0,100698.0,102118.0,2190050,0,1011416100,103237.05
2020-08-13,102118.0,103237.0,100187.0,100461.0,2321799,0,1072127000,103232.45
2020-08-14,100469.0,101717.0,100445.0,101354.0,1986164,0,857634800,103155.75
2020-08-17,101348.0,101689.0,98513.0,99595.0,2138174,0,1081606400,102914.2
2020-08-18,99597.0,102247.0,99597.0,102065.0,1958423,0,941865100,102801.95
2020-08-19,102072.0,102334.0,100800.0,100854.0,1907940,0,1002573600,102630.15
2020-08-20,100853.0,101749.0,99131.0,101468.0,1936172,0,940496200,102588.9
2020-08-21,101460.0,101566.0,100413.0,101521.0,1707059,0,910017200,102545.85
2020-08-24,101525.0,102515.0,101525.0,102298.0,1606042,0,772599900,102436.9
2020-08-25,102299.0,102708.0,101623.0,102118.0,1694246,0,809765600,102337.35
2020-08-26,102119.0,102521.0,99359.0,100627.0,2198677,0,986122300,102088.45
2020-08-27,100625.0,101548.0,99857.0,100624.0,1601426,0,744292300,101869.2
2020-08-28,100631.0,102347.0,100631.0,102143.0,1717619,0,766567000,101830.75
2020-08-31,102142.0,102142.0,99369.0,99369.0,1804679,0,1222321000,101657.7
2020-09-01,99382.0,102238.0,99382.0,102168.0,2006271,0,938447300,101705.3
2020-09-02,102168.0,102824.0,100872.0,101911.0,1522605,0,755792500,101660.75
2020-09-03,101911.0,103226.0,99751.0,100721.0,2497381,0,1261730000,101490.5
2020-09-04,100737.0,101582.0,98961.0,101242.0,2098242,0,1132696100,101413.8
2020-09-08,101239.0,101239.0,99373.0,100050.0,1792431,0,855721700,101244.05
2020-09-09,100050.0,101578.0,100050.0,101292.0,3261327,0,1591056200,101199.95
2020-09-10,101291.0,101537.0,98687.0,98835.0,3589182,0,1778816900,101035.8
2020-09-11,98837.0,99435.0,97758.0,98363.0,6054733,0,2732331200,100930.9
2020-09-14,98367.0,100520.0,98367.0,100275.0,1626185,0,818137600,100876.95
2020-09-15,100277.0,100949.0,99647.0,100298.0,1765435,0,921640900,100912.1
2020-09-16,100299.0,100663.0,99663.0,99676.0,1568338,0,714016200,100792.65
2020-09-17,99674.0,100251.0,98562.0,100098.0,1531126,0,789088300,100754.85
2020-09-18,100102.0,100102.0,98045.0,98290.0,3813663,0,2273943600,100595.95
2020-09-21,98283.0,98283.0,95820.0,96991.0,1833546,0,973769200,100369.45
2020-09-22,96995.0,97684.0,96390.0,97294.0,1490398,0,728127400,100119.25
2020-09-23,97295.0,97389.0,95728.0,95735.0,1762226,0,887227500,99800.1
2020-09-24,95737.0,97955.0,95653.0,97012.0,1766638,0,933091600,99619.35
2020-09-25,97011.0,97011.0,95632.0,96999.0,1358121,0,735082100,99438.1
2020-09-28,97005.0,98314.0,94371.0,94666.0,2130826,0,1051175300,99064.25
2020-09-29,94665.0,95505.0,93408.0,93580.0,1784765,0,874685400,98774.8
2020-09-30,93586.0,95340.0,93584.0,94603.0,1806453,0,945617800,98396.55
2020-10-01,94604.0,95486.0,93599.0,95479.0,1804742,0,924327000,98074.95
2020-10-02,95475.0,95996.0,93897.0,94016.0,6591936,0,3433643900,97739.7
2020-10-05,94020.0,96414.0,93984.0,96089.0,1664555,0,865207300,97482.05
2020-10-06,96091.0,97405.0,95211.0,95615.0,2021995,0,1129934800,97260.3
2020-10-07,95616.0,96380.0,94881.0,95526.0,1881367,0,982968800,96972.0
2020-10-08,95543.0,97938.0,95531.0,97920.0,8969995,0,5579001800,96926.25
2020-10-09,97924.0,98642.0,97161.0,97483.0,2033948,0,1081061900,96882.25
2020-10-13,97483.0,98998.0,97336.0,98503.0,6964669,0,3146610600,96793.65
2020-10-14,98501.0,99571.0,98501.0,99334.0,9166593,0,4445474200,96745.45
2020-10-15,99315.0,99486.0,97778.0,99054.0,3664330,0,1667020300,96714.35
2020-10-16,99054.0,99172.0,98309.0,98309.0,1811915,0,808940500,96624.9
2020-10-19,98310.0,99917.0,98310.0,98658.0,7220201,0,3973777200,96643.3
2020-10-20,98672.0,100722.0,98670.0,100540.0,1658535,0,879594200,96820.75
2020-10-21,100530.0,101586.0,100149.0,100552.0,1721651,0,866105300,96983.65
2020-10-22,100553.0,102020.0,100457.0,101918.0,1703077,0,955639100,97292.8
2020-10-23,101918.0,102218.0,101188.0,101260.0,3011738,0,1516073700,97505.2
2020-10-26,101260.0,101784.0,99762.0,101017.0,1467129,0,807578900,97706.1
2020-10-27,101017.0,101660.0,99414.0,99606.0,1615267,0,867216100,97953.1
2020-10-28,99598.0,99598.0,95369.0,95369.0,1957773,0,1105121300,98042.55
2020-10-29,95376.0,96688.0,93387.0,96582.0,2424834,0,1270418300,98141.5
2020-10-30,96579.0,96579.0,93559.0,93952.0,2223695,0,1069793200,98065.15
2020-11-03,93968.0,96350.0,93968.0,95980.0,2244829,0,1019129100,98163.35
2020-11-04,95992.0,98296.0,95987.0,97867.0,2117770,0,1070449300,98252.25
2020-11-05,97873.0,100922.0,97872.0,100751.0,2137656,0,1045443200,98509.05
2020-11-06,100751.0,101104.0,99837.0,100925.0,5180653,0,2514659000,98779.0
2020-11-09,100957.0,105147.0,100957.0,103515.0,3290918,0,1740971400,99058.75
2020-11-10,103516.0,105758.0,103453.0,105067.0,3060478,0,1668983900,99437.95
2020-11-11,105067.0,105462.0,104144.0,104809.0,2233059,0,1084093600,99753.25
2020-11-12,104809.0,105019.0,102034.0,102507.0,2223821,0,1085995800,99911.9
2020-11-13,102525.0,104726.0,102523.0,104723.0,2089851,0,978188900,100195.35
2020-11-16,104729.0,106518.0,104729.0,106430.0,2270095,0,1172503500,100601.4
2020-11-17,106400.0,107810.0,105847.0,107249.0,2205946,0,1038003300,101030.95
2020-11-18,107246.0,107467.0,106043.0,106119.0,2073216,0,1034017100,101309.9
2020-11-19,106117.0,106973.0,105545.0,106670.0,1785898,0,855396600,101615.8
2020-11-20,106670.0,106764.0,105680.0,106043.0,1500947,0,710559900,101822.05
2020-11-23,106051.0,107495.0,106051.0,107379.0,1806517,0,970618800,102128.0
2020-11-24,107378.0,109956.0,107361.0,109786.0,2422910,0,1194694100,102566.45
2020-11-25,109786.0,110596.0,109315.0,110133.0,5904120,0,2576125400,103092.8
2020-11-26,110133.0,110245.0,109418.0,110227.0,1192850,0,616669700,103835.7
2020-11-27,110229.0,111603.0,110161.0,110576.0,1693719,0,879008100,104535.4
2020-11-30,110598.0,110934.0,108829.0,108893.0,2423367,0,1929592700,105282.45
2020-12-01,108897.0,111840.0,108897.0,111400.0,26114788,0,11322737200,106053.45
2020-12-02,111402.0,112315.0,110579.0,111879.0,2004650,0,981338500,106754.05
2020-12-03,111874.0,113377.0,111874.0,112292.0,4798922,0,2332156500,107331.1
2020-12-04,112294.0,113864.0,112294.0,113750.0,1895203,0,889892900,107972.35
2020-12-07,113770.0,114531.0,112629.0,113590.0,1789801,0,963989700,108476.1
2020-12-08,113628.0,114381.0,112820.0,113793.0,1744494,0,881073600,108912.4
2020-12-09,113799.0,114020.0,112567.0,113001.0,5293142,0,2535802900,109322.0
2020-12-10,113005.0,115262.0,112732.0,115129.0,6087123,0,3542800400,109953.1
2020-12-11,115128.0,115527.0,113949.0,115128.0,1834361,0,838183900,110473.35
2020-12-14,115137.0,115740.0,114431.0,114611.0,1595039,0,819356300,110882.4
2020-12-15,114613.0,116390.0,114613.0,116149.0,1610423,0,819489500,111327.4
2020-12-16,116147.0,118178.0,115496.0,117857.0,2259223,0,980767600,111914.3
2020-12-17,117868.0,119027.0,117856.0,118401.0,1571325,0,771061200,112500.85
2020-12-18,118387.0,119371.0,117638.0,118024.0,1625009,0,875115100,113099.9
2020-12-21,118021.0,118021.0,114730.0,115823.0,1854620,0,1034599900,113522.1
2020-12-22,115825.0,116903.0,115648.0,116636.0,34141112,0,18061586700,113864.6
2020-12-23,116636.0,118311.0,116636.0,117807.0,1212305,0,648724800,114248.3
2020-12-28,117805.0,119213.0,117805.0,119124.0,1271004,0,717170500,114693.15
2020-12-29,119120.0,119861.0,118750.0,119409.0,5809918,0,2707455100,115134.8
2020-12-30,119410.0,120150.0,118919.0,119017.0,1413901,0,823504800,115641.0
2021-01-04,119028.0,120354.0,118062.0,118855.0,1933001,0,893199800,116013.75
2021-01-05,118835.0,119790.0,116756.0,119376.0,2030177,0,925700900,116388.6
2021-01-06,119382.0,120924.0,118917.0,119100.0,4799898,0,2327888000,116729.0
2021-01-07,119103.0,122697.0,119101.0,122386.0,16311520,0,8242243200,117160.8
2021-01-08,122386.0,125324.0,122386.0,125077.0,2270244,0,1108357500,117735.15
2021-01-11,125068.0,125069.0,122506.0,123255.0,2078062,0,955837200,118208.25
2021-01-12,123255.0,124584.0,123228.0,123998.0,2018513,0,894858800,118758.1
2021-01-13,123996.0,124032.0,121016.0,121933.0,1900672,0,1029360000,119098.3
2021-01-14,122009.0,123896.0,121998.0,123481.0,1816791,0,897454300,119515.95
2021-01-15,123472.0,123472.0,120185.0,120349.0,1872316,0,938920800,119802.85
2021-01-18,120362.0,122586.0,120360.0,121242.0,1426115,0,722762800,120057.5
2021-01-19,121250.0,122120.0,119257.0,120636.0,1669416,0,788758700,120196.45
2021-01-20,120645.0,121449.0,118740.0,119646.0,1633498,0,794716500,120258.7
2021-01-21,119624.0,120243.0,117785.0,118329.0,1856688,0,857369600,120273.95
2021-01-22,118299.0,118299.0,116109.0,117381.0,1920492,0,937278100,120351.85
2021-01-26,117429.0,119167.0,116109.0,116464.0,2337597,0,1056543900,120343.25
2021-01-27,116464.0,117840.0,114887.0,115882.0,2197741,0,1238385800,120247.0
2021-01-28,115882.0,119355.0,115734.0,118883.0,6123232,0,3618566100,120234.95
2021-01-29,118852.0,118859.0,114973.0,115068.0,2039285,0,1096520500,120017.9
2021-02-01,115093.0,117862.0,115093.0,117518.0,2093416,0,871649300,119942.95
2021-02-02,117519.0,119805.0,117519.0,118234.0,2603983,0,1162611500,119911.9
2021-02-03,118235.0,120210.0,118234.0,119725.0,1910020,0,870578800,119929.35
2021-02-04,119736.0,120560.0,118918.0,119261.0,1632096,0,810071500,119937.4
2021-02-05,119261.0,121117.0,119261.0,120240.0,1593418,0,821608300,119830.1
2021-02-08,120239.0,120844.0,119140.0,119696.0,1823401,0,861847900,119561.05
2021-02-09,119696.0,119975.0,118246.0,119472.0,1623440,0,792620000,119371.9
2021-02-10,119482.0,119738.0,117970.0,118435.0,1964467,0,864757400,119093.75
2021-02-11,118440.0,120283.0,118440.0,119300.0,6422840,0,3026329200,118962.1
2021-02-12,119300.0,119763.0,118163.0,119429.0,1442402,0,765556600,118759.5
2021-02-17,119421.0,120597.0,118880.0,120356.0,1570490,0,832542400,118759.85
2021-02-18,120361.0,120846.0,118515.0,119199.0,2299815,0,1072049200,118657.7
2021-02-19,119201.0,119250.0,117867.0,118431.0,2074576,0,1040378000,118547.45
2021-02-22,118386.0,118386.0,111650.0,112668.0,4678543,0,2177738200,118198.55
2021-02-23,112683.0,115380.0,112667.0,115228.0,3113533,0,1519034500,118043.5
2021-02-24,115250.0,116208.0,114668.0,115668.0,2310833,0,1139728200,117957.85
2021-02-25,115668.0,116506.0,111764.0,112256.0,2549031,0,1247745400,117747.45
2021-02-26,112260.0,113466.0,109827.0,110035.0,2746240,0,1461697300,117455.1
2021-03-01,110036.0,112445.0,110036.0,110335.0,2465815,0,1136703000,117027.7
2021-03-02,110329.0,112428.0,107319.0,111540.0,3211173,0,1485129700,116851.3
2021-03-03,111529.0,112398.0,107466.0,111184.0,3266030,0,1514350600,116534.6
2021-03-04,111191.0,114433.0,111163.0,112690.0,2792466,0,1422222300,116257.4
2021-03-05,112689.0,115504.0,112504.0,115202.0,13817051,0,6627404100,116031.25
2021-03-08,115202.0,115202.0,110268.0,110612.0,2951625,0,1370280200,115598.8
2021-03-09,110611.0,112525.0,109343.0,111331.0,2646384,0,1213558900,115153.35
2021-03-10,111338.0,112928.0,109999.0,112777.0,2587227,0,1251223600,114807.4
2021-03-11,112782.0,115127.0,112776.0,114984.0,4909003,0,2418189100,114583.0
2021-03-12,114984.0,114984.0,113253.0,114160.0,8666609,0,4055333500,114369.25
2021-03-15,114093.0,114903.0,113635.0,114851.0,1698817,0,822543000,114146.8
2021-03-16,114845.0,114974.0,113370.0,114019.0,1738338,0,780121200,113876.3
2021-03-17,114017.0,116736.0,113428.0,116549.0,2130070,0,942541900,113685.95
2021-03-18,116549.0,116751.0,114302.0,114835.0,2071989,0,991974900,113467.75
2021-03-19,114837.0,116446.0,114610.0,116222.0,1922643,0,1234163000,113357.3
2021-03-22,116222.0,116225.0,113620.0,114979.0,1756263,0,816038100,113472.85
2021-03-23,114977.0,115599.0,113062.0,113262.0,1708609,0,830142500,113374.55
2021-03-24,113275.0,114823.0,112064.0,112064.0,1980793,0,983395500,113194.35
2021-03-25,112065.0,114024.0,110927.0,113750.0,7902050,0,4122515700,113269.05
2021-03-26,113750.0,115416.0,113305.0,114781.0,1658650,0,865945400,113506.35
2021-03-29,114774.0,115553.0,114096.0,115419.0,1718268,0,746332800,113760.55
2021-03-30,115414.0,117090.0,114999.0,116850.0,1858028,0,814155900,114026.05
2021-03-31,116850.0,117249.0,115932.0,116634.0,5961821,0,3201381600,114298.55
2021-04-01,116645.0,117088.0,114991.0,115253.0,9858166,0,4805010700,114426.7
2021-04-05,115262.0,117668.0,115262.0,117518.0,4712179,0,2173374100,114542.5
2021-04-06,117522.0,118213.0,117176.0,117499.0,1504497,0,680062800,114886.85
2021-04-07,117499.0,118303.0,116748.0,117624.0,1628929,0,854173500,115201.5
2021-04-08,117626.0,118850.0,117486.0,118313.0,1680278,0,877822200,115478.3
2021-04-09,118239.0,118643.0,117336.0,117670.0,1656347,0,774294600,115612.6
2021-04-12,117661.0,118812.0,117661.0,118812.0,1409512,0,700049700,115845.2
2021-04-13,118809.0,119529.0,118041.0,119297.0,1611360,0,897738700,116067.5
2021-04-14,119298.0,120872.0,119298.0,120295.0,5528005,0,3024476500,116381.3
2021-04-15,120306.0,121409.0,120084.0,120701.0,1626555,0,795631400,116588.9
2021-04-16,120701.0,121333.0,120199.0,121114.0,1649456,0,794557000,116902.85
2021-04-19,121116.0,121974.0,120682.0,120934.0,1820107,0,1003690800,117138.45
2021-04-20,120925.0,121354.0,119841.0,120062.0,1541500,0,781144100,117392.6
2021-04-22,120064.0,120995.0,119203.0,119372.0,1716758,0,859849400,117698.1
2021-04-23,119372.0,120815.0,119372.0,120530.0,1936902,0,761522600,118121.4
2021-04-26,120534.0,121393.0,119860.0,120595.0,1583604,0,709276600,118463.65
2021-04-27,120595.0,121012.0,119003.0,119388.0,5321736,0,2508530800,118694.0
2021-04-28,119403.0,121276.0,119403.0,121053.0,1683972,0,908082000,118975.7
2021-04-29,121053.0,121498.0,119703.0,120066.0,3811347,0,1699882600,119136.5
2021-04-30,120049.0,120125.0,118894.0,118894.0,14595613,0,7765251800,119249.5
2021-05-03,118951.0,119904.0,118528.0,119210.0,8739140,0,3610616700,119447.35
2021-05-04,119210.0,119293.0,117631.0,117712.0,1948620,0,876541000,119457.05
2021-05-05,117740.0,119734.0,117738.0,119564.0,1809790,0,905914900,119560.3
2021-05-06,119553.0,119966.0,119071.0,119921.0,1816443,0,877959500,119675.15
2021-05-07,119922.0,122038.0,119922.0,122038.0,1799703,0,886510400,119861.4
2021-05-10,122042.0,122772.0,121795.0,121909.0,1883325,0,821906400,120073.35
2021-05-11,121852.0,122964.0,120145.0,122964.0,1644932,0,798834000,120280.95
2021-05-12,122964.0,122964.0,119458.0,119710.0,2174562,0,940496000,120301.6
2021-05-13,119711.0,121426.0,119711.0,120706.0,2014655,0,935706900,120322.15
2021-05-14,120719.0,122195.0,120719.0,121881.0,2020971,0,1013631800,120381.15
2021-05-17,121880.0,123074.0,121681.0,122938.0,1611812,0,740806000,120472.35
2021-05-18,122938.0,123544.0,122550.0,122980.0,1582122,0,784009500,120574.65
2021-05-19,122976.0,123013.0,121595.0,122636.0,7872642,0,3530413400,120703.35
2021-05-20,122642.0,122734.0,122136.0,122701.0,1637463,0,791014000,120869.8
2021-05-21,122701.0,122799.0,121760.0,122593.0,1688058,0,950646600,120972.95
2021-05-24,122592.0,124167.0,122526.0,124032.0,1772701,0,818650200,121144.8
2021-05-25,124032.0,124696.0,122701.0,122988.0,8582125,0,4456788500,121324.8
2021-05-26,122994.0,124256.0,122992.0,123989.0,1683604,0,825911100,121471.6
2021-05-27,123989.0,124537.0,123470.0,124367.0,1854507,0,1314083400,121686.65
2021-05-28,124367.0,125698.0,124284.0,125561.0,1767521,0,883833700,122020.0
2021-05-31,125561.0,126216.0,125540.0,126216.0,4437339,0,1783910300,122370.3
2021-06-01,126218.0,128364.0,126218.0,128267.0,10524669,0,4997871700,122898.05
2021-06-02,128270.0,129601.0,128167.0,129601.0,11555104,0,6391427400,123399.9
2021-06-04,129591.0,130137.0,129148.0,130126.0,4212149,0,1962927100,123910.15
2021-06-07,130125.0,131190.0,129498.0,130776.0,5634593,0,2896597800,124347.05
2021-06-08,130776.0,130776.0,129230.0,129787.0,4113199,0,2069192100,124740.95
2021-06-09,129797.0,130883.0,129282.0,129907.0,7404271,0,3933454100,125088.1
2021-06-10,129903.0,130527.0,129526.0,130076.0,4936152,0,2562524100,125606.4
2021-06-11,130076.0,130295.0,128678.0,129441.0,11105648,0,5423747200,126043.15
2021-06-14,129441.0,131084.0,129441.0,130208.0,1608082,0,815570300,126459.5
2021-06-15,130208.0,130436.0,129304.0,130091.0,3010755,0,1442589600,126817.15
2021-06-16,130091.0,130283.0,128345.0,129260.0,5030218,0,2575650200,127131.15
2021-06-17,129237.0,129920.0,127576.0,128057.0,1985690,0,966474700,127402.2
2021-06-18,128050.0,128796.0,127595.0,128405.0,1961086,0,1243297300,127687.4
2021-06-21,128405.0,129413.0,128048.0,129265.0,4853182,0,2200305000,128021.0
2021-06-22,129256.0,129259.0,127803.0,128768.0,4134787,0,1865640400,128257.8
2021-06-23,128769.0,129901.0,128182.0,128428.0,1558211,0,798883600,128529.8
2021-06-24,128433.0,129541.0,128428.0,129513.0,1527719,0,723695400,128806.0
2021-06-25,129513.0,129748.0,126697.0,127256.0,5476702,0,2809119900,128950.45
2021-06-28,127257.0,128067.0,126629.0,127429.0,1543013,0,815564900,129043.85
2021-06-29,127429.0,127507.0,126184.0,127327.0,3294908,0,1556949400,129099.4
2021-06-30,127323.0,127323.0,126199.0,126802.0,9257251,0,4549269200,129026.15
2021-07-01,126802.0,127204.0,124994.0,125666.0,13921220,0,6503999900,128829.4
2021-07-02,125667.0,127672.0,125667.0,127622.0,9799183,0,4460562000,128704.2
2021-07-05,127620.0,127633.0,126531.0,126920.0,2936565,0,1577558000,128511.4
2021-07-06,126894.0,126894.0,124866.0,125095.0,5120736,0,2295396900,128276.8
2021-07-07,125096.0,127249.0,125094.0,127019.0,7482167,0,3260557400,128132.4
2021-07-08,127013.0,127013.0,124310.0,125428.0,3566224,0,1776128900,127900.0
2021-07-12,125428.0,127782.0,125428.0,127594.0,1730476,0,742121100,127807.65
2021-07-13,127594.0,128420.0,126441.0,128168.0,3105582,0,1430404000,127705.65
2021-07-14,128169.0,129620.0,128085.0,128407.0,5901258,0,2764092600,127621.45
2021-07-15,128400.0,128976.0,126922.0,127468.0,1589047,0,741862000,127531.85
2021-07-16,127468.0,128010.0,125808.0,125960.0,5692013,0,2942411500,127427.0
2021-07-19,125958.0,125958.0,123317.0,124395.0,1946698,0,929369900,127226.5
2021-07-20,124395.0,125631.0,123631.0,125401.0,24577662,0,12344335900,127033.3
2021-07-21,125418.0,126112.0,125247.0,125929.0,1395109,0,724727600,126891.35
2021-07-22,125930.0,126428.0,125416.0,126147.0,1290162,0,652021300,126777.3
2021-07-23,126140.0,126204.0,124422.0,125053.0,1311370,0,609931800,126554.3
2021-07-26,125058.0,126214.0,125007.0,126004.0,4068031,0,1911386500,126491.7
2021-07-27,126004.0,126026.0,123670.0,124612.0,1449536,0,734068600,126350.85
2021-07-28,124616.0,126712.0,124543.0,126286.0,3613327,0,1817428600,126298.8
2021-07-29,126285.0,126476.0,124917.0,125675.0,1491471,0,751867200,126242.45
2021-07-30,125672.0,125673.0,121748.0,121801.0,5479594,0,2832188000,126049.2
2021-08-02,121810.0,124536.0,121797.0,122516.0,2003184,0,861115200,125793.9
2021-08-03,122516.0,123765.0,120807.0,123577.0,1885670,0,946526400,125626.75
2021-08-04,123577.0,123587.0,121072.0,121801.0,1860957,0,921208800,125462.05
2021-08-05,121832.0,123541.0,121128.0,121633.0,6488325,0,3283149800,125192.75
2021-08-06,121633.0,123287.0,121568.0,122810.0,1633537,0,753181700,125061.85
2021-08-09,122809.0,123597.0,122259.0,123019.0,1620674,0,720679200,124833.1
2021-08-10,123021.0,123513.0,122062.0,122203.0,1722097,0,832719600,124534.85
2021-08-11,122204.0,122756.0,120827.0,122056.0,1744028,0,871691700,124217.3
2021-08-12,122056.0,122095.0,120534.0,120701.0,2148106,0,1112086800,123878.95
2021-08-13,120701.0,121275.0,120045.0,121194.0,2284857,0,1076196800,123640.65
2021-08-16,121192.0,121192.0,118684.0,119180.0,2584965,0,1023646500,123379.9
2021-08-17,119176.0,119177.0,116248.0,117904.0,2676583,0,1173051700,123005.05
2021-08-18,117904.0,118739.0,116489.0,116643.0,2826119,0,1224365100,122540.75
2021-08-19,116641.0,117453.0,114801.0,117165.0,2377370,0,1094463800,122091.65
2021-08-20,117163.0,118308.0,116040.0,118053.0,1955861,0,925356800,121741.65
2021-08-23,118053.0,118445.0,117062.0,117472.0,1784310,0,812168200,121315.05
2021-08-24,117474.0,120463.0,117474.0,120211.0,1778118,0,918102100,121095.0
2021-08-25,120217.0,120818.0,119226.0,120818.0,1679755,0,752013700,120821.6
2021-08-26,120818.0,120833.0,118719.0,118724.0,1802787,0,842667400,120474.05
2021-08-27,118725.0,120678.0,118721.0,120678.0,1535747,0,732351700,120417.9
2021-08-30,120677.0,120685.0,119354.0,119740.0,1477262,0,639119900,120279.1
2021-08-31,119738.0,120157.0,117911.0,118781.0,2005174,0,1153556200,120039.3
2021-09-01,118819.0,119942.0,118067.0,119396.0,2088056,0,952652500,119919.05
2021-09-02,119395.0,119397.0,116534.0,116677.0,2224100,0,986479300,119671.25
2021-09-03,116679.0,117396.0,115583.0,116933.0,2023745,0,1251797900,119377.4
2021-09-06,116897.0,117981.0,116156.0,117869.0,3702832,0,1621571600,119119.9
2021-09-08,117866.0,117866.0,113172.0,113413.0,2841578,0,1225418500,118680.4
2021-09-09,113413.0,116354.0,112435.0,115361.0,2701170,0,1389110500,118345.65
2021-09-10,115370.0,116897.0,114286.0,114286.0,2400841,0,1116014900,118024.9
2021-09-13,114301.0,117046.0,114301.0,116404.0,1883153,0,925307700,117785.4
2021-09-14,116405.0,117270.0,115809.0,116181.0,1853528,0,903396900,117635.45
2021-09-15,116191.0,116312.0,114741.0,115063.0,1948057,0,945633500,117493.4
2021-09-16,115062.0,115062.0,113395.0,113794.0,1932941,0,1068424200,117350.95
2021-09-17,113794.0,113794.0,111157.0,111439.0,2283053,0,1482752400,117064.65
2021-09-20,111432.0,111432.0,107520.0,108844.0,7130072,0,3484305200,116604.2
2021-09-21,109145.0,110923.0,108958.0,110250.0,2077967,0,1124733100,116243.1
2021-09-22,110252.0,113321.0,110251.0,112282.0,2235513,0,1221662500,115846.65
2021-09-23,112282.0,114330.0,112281.0,114064.0,2219826,0,1147607500,115508.95
2021-09-24,114061.0,114061.0,112505.0,113283.0,1894685,0,912353200,115236.9
2021-09-27,113283.0,114432.0,112360.0,113583.0,2119469,0,1079836000,114882.15
2021-09-28,113584.0,113584.0,109981.0,110124.0,2458235,0,1319975300,114401.35
2021-09-29,110125.0,112028.0,110125.0,111107.0,2146608,0,1139479600,114017.65
2021-09-30,111117.0,112371.0,110743.0,110979.0,2468479,0,1316060600,113596.8
2021-10-01,110980.0,113020.0,110980.0,112900.0,46488998,0,23837432800,113407.95
2021-10-04,112900.0,112900.0,109979.0,110393.0,2315509,0,1191336599,113080.95
2021-10-05,110397.0,111691.0,110087.0,110458.0,2054311,0,1039415100,112710.4
2021-10-06,110454.0,110614.0,108180.0,110560.0,2487264,0,1332805400,112567.75
2021-10-07,110563.0,111522.0,110563.0,110585.0,2128207,0,1066247100,112328.95
2021-10-08,110586.0,114172.0,110586.0,112833.0,2399886,0,1287679200,112256.3
2021-10-11,112834.0,113982.0,112052.0,112181.0,1930449,0,1028473500,112045.15
2021-10-13,112181.0,114159.0,111807.0,113456.0,2565820,0,1173137500,111908.9
2021-10-14,113457.0,113881.0,112708.0,113186.0,1886302,0,895599100,111815.05
2021-10-15,113189.0,114776.0,113049.0,114648.0,1917406,0,1117466800,111857.75
2021-10-18,114647.0,114927.0,112841.0,114428.0,2089228,0,1125262200,112007.2
2021-10-19,114418.0,114418.0,109947.0,110673.0,2756188,0,1412921400,112098.65
2021-10-20,110678.0,112023.0,110176.0,110786.0,2246963,0,1173715800,112125.45
2021-10-21,110756.0,110756.0,105714.0,107735.0,3046332,0,1658846000,111898.1
2021-10-22,107714.0,107749.0,102854.0,106296.0,4569528,0,2144442700,111509.7
2021-10-25,106296.0,109372.0,106296.0,108715.0,2560056,0,1164610600,111281.3
2021-10-26,108706.0,108706.0,106321.0,106420.0,2336043,0,1090595400,110923.15
2021-10-27,106433.0,108225.0,106045.0,106363.0,2167120,0,1096781600,110735.1
2021-10-28,106369.0,107145.0,105282.0,105705.0,2177680,0,1158497300,110465.0
2021-10-29,105707.0,105954.0,103430.0,103501.0,2435345,0,1271972500,110091.1
2021-11-01,103514.0,106136.0,103514.0,105551.0,2001833,0,1084124800,109723.65
2021-11-03,105547.0,106754.0,104205.0,105617.0,3003601,0,1484113000,109484.85
2021-11-04,105617.0,105627.0,102835.0,103412.0,2313008,0,1219656600,109132.55
2021-11-05,103417.0,105556.0,103417.0,104824.0,2447108,0,1268758300,108845.75
2021-11-08,104824.0,105679.0,104183.0,104781.0,5913685,0,2829729500,108555.55
2021-11-09,104783.0,106674.0,104783.0,105535.0,2149674,0,1109528900,108190.65
2021-11-10,105534.0,107407.0,105140.0,105968.0,2254961,0,1232303200,107880.0
2021-11-11,105988.0,108669.0,105988.0,107595.0,2353536,0,1271763600,107586.95
2021-11-12,107576.0,107915.0,105842.0,106335.0,2295894,0,1335501200,107244.4
2021-11-16,106336.0,106971.0,104113.0,104404.0,2323124,0,1169960200,106732.2
2021-11-17,104406.0,105535.0,102551.0,102949.0,2440371,0,1295665100,106158.25
2021-11-18,102948.0,103757.0,102014.0,102426.0,2074924,0,1098482700,105745.9
2021-11-19,102424.0,103975.0,102143.0,103035.0,1974817,0,1117555400,105358.35
2021-11-22,103036.0,104613.0,102122.0,102122.0,1932578,0,1046700900,105077.7
2021-11-23,102124.0,103841.0,101736.0,103654.0,2477660,0,1303224900,104945.6
2021-11-24,103649.0,105041.0,102464.0,104514.0,2138771,0,1046664200,104735.55
2021-11-25,104514.0,106400.0,104514.0,105811.0,1832439,0,789020000,104705.1
2021-11-26,105810.0,105810.0,101495.0,102224.0,2114072,0,1097038600,104498.15
2021-11-29,102227.0,104149.0,102226.0,102814.0,2185591,0,1028274400,104353.6
2021-11-30,102814.0,103066.0,100075.0,101916.0,2624618,0,1819065800,104274.35
2021-12-01,101916.0,104087.0,100727.0,100775.0,2705582,0,1376745200,104035.55
2021-12-02,100785.0,104466.0,100785.0,104466.0,2820396,0,1485675900,103978.0
2021-12-03,104465.0,106814.0,104090.0,105070.0,2598860,0,1458144900,104060.9
2021-12-06,105070.0,107498.0,105070.0,106859.0,2148789,0,1113645800,104162.65
2021-12-07,106868.0,108655.0,106868.0,107558.0,1963051,0,1178274300,104301.5
2021-12-08,107558.0,108521.0,107309.0,108096.0,2119300,0,1316676000,104429.55
2021-12-09,108073.0,108090.0,105890.0,106291.0,1715897,0,1108290700,104445.7
2021-12-10,106297.0,108275.0,106297.0,107758.0,1861266,0,1046351700,104453.85
2021-12-13,107758.0,109493.0,107383.0,107383.0,1943515,0,1251278600,104506.25
2021-12-14,107404.0,109148.0,106445.0,106760.0,2014199,0,1160253800,104624.05
2021-12-15,106762.0,107603.0,105697.0,107431.0,2441979,0,1266296900,104848.15
2021-12-16,107433.0,109034.0,107433.0,108326.0,2194289,0,1375454900,105143.15
2021-12-17,108324.0,108324.0,106518.0,107201.0,2161512,0,1493881900,105351.45
2021-12-20,107171.0,107171.0,104358.0,105020.0,1936395,0,1056886000,105496.35
2021-12-21,105210.0,105906.0,105060.0,105500.0,1616677,0,904121300,105588.65
2021-12-22,105499.0,105711.0,104386.0,105244.0,1472029,0,805276400,105625.15
2021-12-23,105251.0,105453.0,104637.0,104891.0,1317841,0,728291700,105579.15
2021-12-27,104892.0,105695.0,104799.0,105554.0,6406688,0,3800227800,105745.65
2021-12-28,105555.0,105652.0,104503.0,104864.0,1271693,0,750894900,105848.15
2021-12-29,104863.0,105190.0,103851.0,104107.0,1288182,0,658985500,105957.7
2021-12-30,104106.0,105269.0,104106.0,104822.0,1615846,0,1113809800,106160.05
2022-01-03,104823.0,106126.0,103413.0,103922.0,7281716,0,3382661900,106132.85
2022-01-04,103922.0,104276.0,103096.0,103514.0,2184807,0,1149577600,106055.05
2022-01-05,103514.0,103514.0,100850.0,101006.0,2483462,0,1288356200,105762.4
2022-01-06,101001.0,102235.0,101000.0,101561.0,2463889,0,1174888100,105462.55
2022-01-07,101561.0,102720.0,101104.0,102720.0,2174662,0,1173288900,105193.75
2022-01-10,102719.0,102719.0,101038.0,101945.0,2120196,0,1026433200,104976.45
2022-01-11,101945.0,103781.0,101918.0,103779.0,20652495,0,11177948300,104777.5
2022-01-12,103775.0,105869.0,103771.0,105686.0,2402392,0,1303442800,104692.65
2022-01-13,105686.0,106251.0,104974.0,105530.0,2042530,0,1171447300,104631.15
2022-01-14,105530.0,107062.0,105028.0,106928.0,1922842,0,1148509900,104606.0
2022-01-17,106924.0,106928.0,106097.0,106374.0,1527910,0,692402100,104508.4
2022-01-18,106369.0,107013.0,105786.0,106668.0,2109495,0,1123992200,104481.75
2022-01-19,106670.0,108602.0,106669.0,108014.0,2159443,0,1259923000,104631.45
2022-01-20,108015.0,109873.0,108015.0,109102.0,2336576,0,1363007500,104811.55
2022-01-21,109097.0,109786.0,108368.0,108942.0,2253470,0,1340805800,104996.45
2022-01-24,108941.0,108948.0,106624.0,107937.0,7184379,0,3810093200,105148.75
2022-01-25,107935.0,110711.0,107185.0,110204.0,2345778,0,1376663700,105381.25
2022-01-26,110207.0,112695.0,110205.0,111289.0,2784064,0,1554937900,105702.5
2022-01-27,111318.0,113057.0,111306.0,112612.0,2287253,0,1481192800,106127.75
2022-01-28,112611.0,112969.0,111407.0,111910.0,2204326,0,1355478200,106482.15
2022-01-31,111910.0,112678.0,111195.0,112144.0,1953342,0,1219074400,106893.25
2022-02-01,112143.0,113302.0,112135.0,113228.0,2020977,0,1113325900,107378.95
2022-02-02,113228.0,113666.0,111645.0,111894.0,1957337,0,1175072000,107923.35
2022-02-03,111897.0,112502.0,111225.0,111696.0,1822591,0,1103972300,108430.1
2022-02-04,111696.0,112415.0,110321.0,112245.0,1944653,0,1145886000,108906.35
2022-02-07,112247.0,112517.0,111490.0,111996.0,1833965,0,1067272500,109408.9
2022-02-08,111995.0,112251.0,110943.0,112235.0,1831247,0,1015927600,109831.7
2022-02-09,112233.0,113163.0,111710.0,112461.0,2104400,0,1379280600,110170.45
2022-02-10,112462.0,113813.0,112163.0,113368.0,2199418,0,1325721100,110562.35
2022-02-11,113368.0,114899.0,113128.0,113572.0,2630236,0,1859834700,110894.55
2022-02-14,113643.0,114167.0,113358.0,113899.0,5761561,0,3240501500,111270.8
2022-02-15,113905.0,114828.0,113883.0,114828.0,2160742,0,1164919700,111678.8
2022-02-16,114830.0,115735.0,114816.0,115181.0,2381695,0,1205214100,112037.15
2022-02-17,115181.0,115214.0,113389.0,113529.0,1866247,0,1080835100,112258.5
2022-02-18,113534.0,114213.0,112701.0,112880.0,1739708,0,1130057800,112455.4
2022-02-21,112880.0,113405.0,111608.0,111725.0,4234924,0,2358098900,112644.8
2022-02-22,111727.0,113315.0,111727.0,112892.0,1932150,0,1270556900,112779.2
2022-02-23,112892.0,113721.0,111748.0,112008.0,2163962,0,1211993300,112815.15
2022-02-24,112001.0,112001.0,109125.0,111592.0,2840934,0,1679279400,112764.15
2022-02-25,111591.0,113142.0,110673.0,113142.0,2617375,0,1755791300,112825.75
2022-03-02,113143.0,115429.0,113143.0,115174.0,2068435,0,1069503100,112977.25
2022-03-03,115173.0,115948.0,115010.0,115166.0,2239268,0,1212861500,113074.15
2022-03-04,115166.0,115166.0,113389.0,114474.0,2072669,0,1071341300,113203.15
2022-03-07,114469.0,114529.0,111140.0,111594.0,2602525,0,1405697000,113198.05
2022-03-08,111594.0,112390.0,110969.0,111204.0,2743430,0,1570560200,113146.0
2022-03-09,111210.0,114051.0,111207.0,113900.0,2737613,0,1470839800,113241.2
2022-03-10,113900.0,113939.0,111889.0,113663.0,2343324,0,1298391800,113312.6
2022-03-11,113664.0,114627.0,111332.0,111713.0,2086593,0,1252036900,113275.2
2022-03-14,111719.0,112299.0,109717.0,109928.0,5505706,0,3145352200,113103.2
2022-03-15,109925.0,109925.0,107781.0,108959.0,2483028,0,1365372800,112872.55
2022-03-16,108958.0,111184.0,108958.0,111112.0,2269979,0,1320622700,112733.2
2022-03-17,111113.0,113088.0,111070.0,113076.0,2281287,0,1440745200,112645.6
2022-03-18,113076.0,115311.0,112475.0,115311.0,2352653,0,1955265900,112652.1
2022-03-21,115307.0,116360.0,115208.0,116155.0,1913424,0,1037846400,112783.4
2022-03-22,116157.0,117541.0,116157.0,117272.0,2656961,0,1138267700,113003.0
2022-03-23,117270.0,118270.0,117036.0,117457.0,1947200,0,1108332500,113289.6
2022-03-24,117457.0,119256.0,117151.0,119053.0,2410441,0,1347426000,113597.65
2022-03-25,119062.0,119729.0,118549.0,119081.0,2410081,0,1381695200,113951.3
2022-03-28,119082.0,119444.0,118061.0,118738.0,1685663,0,916761000,114308.6
2022-03-29,118740.0,120900.0,118740.0,120014.0,2148797,0,1293166500,114652.2
2022-03-30,120013.0,120531.0,119775.0,120260.0,1941182,0,1089777100,114906.5
2022-03-31,120261.0,120880.0,119999.0,119999.0,1699941,0,1121632000,115148.15
2022-04-01,120001.0,121579.0,120001.0,121570.0,2494109,0,1378165900,115502.95
2022-04-04,121569.0,121570.0,120754.0,121280.0,1624026,0,881234300,115987.25
2022-04-05,121279.0,121628.0,118794.0,118885.0,1889256,0,1203730700,116371.3
2022-04-06,118885.0,118885.0,116791.0,118228.0,2444949,0,1341132900,116587.7
2022-04-07,118225.0,119247.0,117509.0,118862.0,1878035,0,1152012100,116847.65
2022-04-08,118862.0,118868.0,117487.0,118322.0,2035794,0,1123394000,117178.1
2022-04-11,118320.0,118320.0,116953.0,116953.0,1696265,0,956213400,117529.35
2022-04-12,116963.0,118615.0,116054.0,116147.0,1784643,0,1140620300,117888.75
2022-04-13,116158.0,117329.0,116158.0,116782.0,2264511,0,1207044800,118172.25
2022-04-14,116779.0,116780.0,115624.0,116182.0,1701336,0,1036540300,118327.55
2022-04-18,116182.0,116191.0,115177.0,115687.0,1464632,0,840904300,118346.35
2022-04-19,115687.0,115687.0,114277.0,115057.0,1846419,0,1054563600,118291.45
2022-04-20,115057.0,115057.0,113946.0,114344.0,1833439,0,1074774900,118145.05
2022-04-22,114343.0,114343.0,110591.0,111078.0,2099178,0,1087688100,117826.1
2022-04-25,111077.0,111155.0,109222.0,110685.0,1932576,0,1109827700,117407.7
2022-04-26,110684.0,110685.0,107978.0,108213.0,2222547,0,1174313000,116864.3
2022-04-27,108215.0,110108.0,108215.0,109349.0,1851720,0,1151569000,116394.85
2022-04-28,109349.0,110702.0,108906.0,109919.0,1776629,0,1112975200,115890.1
2022-04-29,109924.0,111819.0,107876.0,107876.0,2163838,0,1366216000,115270.9
2022-05-02,107876.0,107884.0,105218.0,106639.0,2309976,0,1195296300,114602.9
2022-05-03,106640.0,107127.0,106033.0,106528.0,1894921,0,993548700,113850.8
2022-05-04,106529.0,108382.0,104933.0,108344.0,2364269,0,1455837000,113204.0
2022-05-05,108337.0,108337.0,103923.0,105304.0,2478187,0,1381048800,112524.95
2022-05-06,105303.0,106268.0,103984.0,105135.0,2381813,0,1413771900,111870.3
2022-05-09,105109.0,105109.0,102768.0,103250.0,2440448,0,1319660100,111089.7
2022-05-10,103253.0,104286.0,102386.0,103110.0,4235401,0,2705597900,110329.1
2022-05-11,103110.0,105374.0,103008.0,104397.0,2059591,0,1342481100,109701.3
2022-05-12,104396.0,105708.0,103579.0,105688.0,2037079,0,1399561100,109178.35
2022-05-13,105691.0,107773.0,105691.0,106924.0,1895458,0,1237493400,108685.45
2022-05-16,106925.0,108795.0,106852.0,108233.0,1757160,0,1059686400,108288.0
2022-05-17,108246.0,109774.0,108245.0,108789.0,2172267,0,1650820800,107943.1
2022-05-18,108788.0,108923.0,106038.0,106247.0,2207287,0,1475201500,107502.6
2022-05-19,106249.0,107420.0,105760.0,107005.0,1747157,0,1142637600,107135.65
2022-05-20,107056.0,108795.0,107056.0,108488.0,1859016,0,1286904400,107006.15
2022-05-23,108500.0,110680.0,108500.0,110346.0,2221103,0,1070195200,106989.2
2022-05-24,110340.0,110635.0,108399.0,110581.0,2151247,0,1172614900,107107.6
2022-05-25,110580.0,111006.0,109699.0,110580.0,1710523,0,1074222800,107169.15
2022-05-26,110577.0,112102.0,110389.0,111890.0,2081298,0,1307933600,107267.7
2022-05-27,111890.0,112441.0,111558.0,111942.0,1641451,0,997923400,107471.0
2022-05-30,111944.0,112690.0,110656.0,111032.0,1338534,0,728447300,107690.65
2022-05-31,111036.0,111903.0,110686.0,111351.0,1853000,0,1581443700,107931.8
2022-06-01,111351.0,111931.0,110822.0,111360.0,1871243,0,979277735,108082.6
2022-06-02,111363.0,112709.0,111218.0,112393.0,1726151,0,1004733237,108437.05
2022-06-03,112392.0,112392.0,110935.0,111102.0,1524504,0,875670350,108735.4
2022-06-06,111102.0,111935.0,110015.0,110186.0,1265288,0,821214936,109082.2
2022-06-07,110185.0,110435.0,109394.0,110070.0,1593409,0,946588441,109430.2
2022-06-08,110067.0,110142.0,108045.0,108368.0,1670640,0,1037969541,109628.75
2022-06-09,108367.0,108510.0,107068.0,107094.0,1853174,0,1196122039,109699.05
2022-06-10,107091.0,107092.0,104648.0,105481.0,2170907,0,1284029241,109626.9
2022-06-13,105476.0,105478.0,101700.0,102598.0,2255803,0,1384221835,109345.15
2022-06-14,102598.0,103328.0,101325.0,102063.0,1990801,0,1156247038,109008.85
2022-06-15,102068.0,103952.0,102047.0,102807.0,2404351,0,1602485140,108836.85
2022-06-17,102800.0,102801.0,98402.0,99825.0,2451516,0,1894104649,108477.85
2022-06-20,99824.0,100481.0,98409.0,99853.0,4596674,0,3285192636,108046.1
2022-06-21,99854.0,101069.0,99167.0,99685.0,1877325,0,1107340537,107513.05
2022-06-22,99678.0,100374.0,98050.0,99522.0,1737956,0,1167501034,106960.1
2022-06-23,99523.0,100232.0,97775.0,98080.0,1809126,0,1239901935,106335.1
2022-06-24,98081.0,99313.0,98031.0,98672.0,1734682,0,1034143639,105674.2
2022-06-27,98673.0,101106.0,98672.0,100764.0,1608839,0,989550436,105115.3
2022-06-28,100766.0,102237.0,99956.0,100591.0,1690034,0,1050114842,104593.25
2022-06-29,100592.0,101313.0,99218.0,99622.0,1699392,0,1044800135,104006.8
2022-06-30,99619.0,99619.0,97758.0,98542.0,2233077,0,1458826036,103365.9
2022-07-01,98542.0,99340.0,97231.0,98954.0,1938647,0,1161020539,102693.95
2022-07-04,98952.0,99353.0,98264.0,98609.0,1078960,0,627904242,102069.3
2022-07-05,98608.0,98608.0,96499.0,98295.0,1960610,0,1335855338,101474.75
2022-07-06,98294.0,99141.0,97423.0,98719.0,1925115,0,1334702442,100907.2
2022-07-07,98722.0,101420.0,98722.0,100730.0,1933595,0,1270048437,100525.3
2022-07-08,100732.0,101577.0,99958.0,100289.0,1395885,0,973023135,100185.05
2022-07-11,100282.0,100282.0,97854.0,98212.0,1468787,0,889280639,99821.6
2022-07-12,98212.0,98737.0,97253.0,98271.0,1687232,0,1256521434,99605.25
2022-07-13,98258.0,98928.0,97403.0,97881.0,1769337,0,1220833837,99396.15
2022-07-14,97879.0,97879.0,95431.0,96121.0,1745887,0,1257857836,99061.85
2022-07-15,96119.0,96971.0,95267.0,96551.0,1585203,0,1134231036,98898.15
2022-07-18,96553.0,98291.0,96553.0,96916.0,1497789,0,1074187136,98751.3
2022-07-19,96920.0,98346.0,96917.0,98245.0,1582732,0,1030425832,98679.3
2022-07-20,98244.0,98366.0,97277.0,98287.0,1696383,0,1294140636,98617.55
2022-07-21,98286.0,99057.0,97088.0,99033.0,1557556,0,1005979434,98665.2
2022-07-22,99034.0,99724.0,98321.0,98925.0,1448433,0,1003203643,98677.85
2022-07-25,98926.0,100508.0,98925.0,100270.0,1419895,0,862134130,98653.15
2022-07-26,100270.0,100753.0,99365.0,99772.0,1433987,0,913690538,98612.2
2022-07-27,99773.0,101471.0,99772.0,101438.0,1588150,0,1026275944,98703.0
2022-07-28,101437.0,102686.0,101045.0,102597.0,1714811,0,1112964745,98905.75
2022-07-29,102597.0,103990.0,102514.0,103165.0,1895887,0,1294228438,99116.3
2022-08-01,103165.0,103318.0,101764.0,102225.0,1852086,0,1161864038,99297.1
2022-08-02,102225.0,103660.0,101694.0,103362.0,1587259,0,1012361637,99550.45
2022-08-03,103362.0,103878.0,102822.0,103775.0,1811589,0,1237933242,99803.25
2022-08-04,103777.0,106162.0,103777.0,105892.0,2319863,0,1550238037,100061.35
2022-08-05,105893.0,107176.0,105518.0,106472.0,1892106,0,1294705038,100370.5
2022-08-08,106473.0,108489.0,106473.0,108402.0,1985970,0,1267439232,100880.0
2022-08-09,108403.0,109331.0,107842.0,108651.0,1869280,0,1217464334,101399.0
2022-08-10,108658.0,110362.0,108657.0,110236.0,2169446,0,1338862935,102016.75
2022-08-11,110236.0,111310.0,109604.0,109718.0,2197227,0,1494367838,102696.6
2022-08-12,109718.0,112764.0,109718.0,112764.0,2265926,0,1870198834,103507.25
2022-08-15,112767.0,113214.0,111067.0,113032.0,2373446,0,1555534936,104313.05
2022-08-16,113034.0,113626.0,112690.0,113512.0,1839291,0,1298625345,105076.4
2022-08-17,113508.0,114146.0,112483.0,113708.0,2202775,0,1465268933,105847.45
2022-08-18,113708.0,114376.0,113304.0,113813.0,1779576,0,1064381637,106586.45
2022-08-19,113807.0,113807.0,111146.0,111496.0,1941932,0,1267843436,107215.0
2022-08-22,111487.0,111487.0,109858.0,110501.0,1669980,0,1101439935,107726.55
2022-08-23,110504.0,112965.0,110503.0,112857.0,1718241,0,1188817434,108380.8
2022-08-24,112856.0,113888.0,112632.0,112898.0,1787311,0,1376032533,108953.8
2022-08-25,112898.0,114156.0,112768.0,113532.0,1627691,0,1183799234,109500.55
2022-08-26,113533.0,114091.0,111978.0,112299.0,1596147,0,1115927431,109957.25
2022-08-29,112296.0,113222.0,111689.0,112323.0,1503823,0,979517939,110462.15
2022-08-30,112323.0,112869.0,110103.0,110431.0,1703131,0,1194133643,110815.6
2022-08-31,110431.0,111364.0,109523.0,109523.0,3614313,0,2958157548,111103.0
2022-09-01,109524.0,110405.0,108217.0,110405.0,2167951,0,1447958738,111328.65
2022-09-02,110409.0,112264.0,110409.0,110864.0,1942999,0,1669111551,111548.25
2022-09-05,110868.0,112671.0,110865.0,112203.0,1351295,0,959390334,111738.3
2022-09-06,112203.0,112203.0,109348.0,109764.0,2002118,0,1443913338,111793.95
2022-09-08,109771.0,110768.0,108619.0,109916.0,1852137,0,1385798433,111777.95
2022-09-09,109922.0,112540.0,109922.0,112300.0,1754793,0,1229017236,111907.05
2022-09-12,112307.0,114160.0,112305.0,113407.0,1596473,0,1182577634,111939.2
2022-09-13,113398.0,113400.0,110522.0,110794.0,13351991,0,8970788040,111827.3
2022-09-14,110794.0,111505.0,110118.0,110547.0,1621194,0,1174854440,111679.05
2022-09-15,110547.0,111100.0,109524.0,109954.0,1629000,0,1175099331,111491.35
2022-09-16,109951.0,109953.0,108489.0,109280.0,2272978,0,1905000656,111264.7
2022-09-19,109283.0,111976.0,108508.0,111824.0,1798005,0,1268591337,111281.1
2022-09-20,111824.0,112544.0,111393.0,112517.0,1904776,0,1268045537,111381.9
2022-09-21,112517.0,113294.0,111380.0,111936.0,2002077,0,1491859336,111335.85
2022-09-22,111942.0,114392.0,111819.0,114071.0,2233490,0,1583713939,111394.5
2022-09-23,114071.0,114071.0,110732.0,111716.0,7676208,0,5485002738,111303.7
2022-09-26,111713.0,111713.0,109022.0,109114.0,2160620,0,1323414741,111144.45
2022-09-27,109122.0,110161.0,108120.0,108376.0,1858204,0,1463110734,110947.1
2022-09-28,108377.0,108970.0,107914.0,108451.0,1869497,0,1366107433,110848.1
2022-09-29,108449.0,108449.0,106244.0,107664.0,2066640,0,1471265337,110755.15
2022-09-30,107664.0,110502.0,107315.0,110037.0,2140695,0,1665440641,110736.75
2022-10-03,110048.0,116135.0,110048.0,116135.0,6506105,0,4225187437,111000.3
2022-10-04,116148.0,118280.0,115837.0,116230.0,16818521,0,11340117639,111201.65
2022-10-05,116231.0,117514.0,115906.0,117198.0,2198988,0,1365213536,111573.35
2022-10-06,117200.0,118382.0,117144.0,117561.0,1891414,0,1459873533,111955.6
2022-10-07,117561.0,117960.0,115924.0,116375.0,2118551,0,1379145533,112159.35
2022-10-10,116377.0,116841.0,115261.0,115941.0,1861322,0,1163141834,112286.05
2022-10-11,115928.0,115928.0,114297.0,114827.0,2121930,0,1313775134,112487.7
2022-10-13,114819.0,115367.0,112690.0,114300.0,2309726,0,1458486036,112675.35
2022-10-14,114301.0,114712.0,111631.0,112072.0,1785609,0,1309620041,112781.25
2022-10-17,112107.0,114406.0,112090.0,113624.0,1922539,0,1163223736,112998.45
2022-10-18,113627.0,115795.0,113627.0,115743.0,2048591,0,1474356050,113194.4
2022-10-19,115744.0,116459.0,115264.0,116274.0,20353018,0,14007444335,113382.25
2022-10-20,116276.0,117367.0,116276.0,117171.0,2322977,0,1692410332,113644.0
2022-10-21,117170.0,120752.0,116736.0,119929.0,16300153,0,11146286239,113936.9
2022-10-24,119922.0,119924.0,115793.0,116013.0,2041172,0,1328081134,114151.75
2022-10-25,116016.0,116203.0,114626.0,114626.0,2040965,0,1473356138,114427.35
2022-10-26,114626.0,114626.0,112577.0,112764.0,2687172,0,1609453638,114646.75
2022-10-27,112766.0,116236.0,112765.0,114641.0,2288146,0,1550657548,114956.25
2022-10-28,114636.0,114712.0,113336.0,114539.0,2135983,0,1439492834,115300.0
2022-10-31,114533.0,116764.0,112113.0,116037.0,3282587,0,2165167541,115600.0
2022-11-01,116037.0,118261.0,115548.0,116929.0,13926692,0,8984327235,115639.7
2022-11-03,116927.0,117373.0,114485.0,116896.0,16462364,0,10943878947,115673.0
2022-11-04,116907.0,120039.0,116904.0,118156.0,2695664,0,1621350450,115720.9
2022-11-07,118149.0,118240.0,115221.0,115342.0,2325374,0,1521825335,115609.95
2022-11-08,115340.0,117073.0,114688.0,116160.0,4425439,0,2848808838,115599.2
2022-11-09,116153.0,116183.0,113110.0,113580.0,10750120,0,8212417237,115481.15
2022-11-10,113579.0,113579.0,108517.0,109776.0,16726679,0,10411551746,115228.6
2022-11-11,109776.0,113010.0,109408.0,112254.0,11878444,0,7510579939,115126.3
2022-11-14,112256.0,114322.0,111930.0,113161.0,2399978,0,1507972839,115180.75
2022-11-16,113166.0,113473.0,109512.0,110243.0,18311227,0,11019863643,115011.7
2022-11-17,110241.0,110242.0,107245.0,109703.0,16322840,0,11579177337,114709.7
2022-11-18,109706.0,111585.0,108512.0,108870.0,7865538,0,5630508445,114339.5
2022-11-21,108868.0,110235.0,107957.0,109748.0,16100473,0,11662574239,113968.35
2022-11-22,109750.0,110224.0,107868.0,109037.0,12035017,0,9033614235,113423.75
2022-11-23,109036.0,109285.0,107902.0,108841.0,1914439,0,1319777635,113065.15
2022-11-24,108846.0,112612.0,108846.0,111831.0,1322790,0,1029665634,112925.4
2022-11-25,111831.0,112026.0,108552.0,108977.0,1684336,0,1230864747,112736.05
2022-11-28,108977.0,109476.0,108378.0,108782.0,1510758,0,1149214433,112443.1
2022-11-29,108784.0,112187.0,108784.0,110910.0,2081715,0,1471640945,112261.65
2022-11-30,110910.0,112486.0,110202.0,112486.0,2313408,0,1969141456,112084.1
2022-12-01,112479.0,112479.0,110548.0,110926.0,2275045,0,1519244234,111783.95
2022-12-02,110926.0,113761.0,109963.0,111924.0,2092471,0,1598081643,111535.35
2022-12-05,111922.0,112150.0,109270.0,109401.0,5772622,0,3695626937,111097.6
2022-12-06,109403.0,110663.0,109217.0,110189.0,1966311,0,1343846136,110839.95
2022-12-07,110188.0,110247.0,108612.0,109069.0,1867343,0,1382478641,110485.4
2022-12-08,109068.0,109286.0,106906.0,107249.0,2086059,0,1491438133,110168.85
2022-12-09,107250.0,108566.0,107089.0,107520.0,1593914,0,1067618137,110056.05
2022-12-12,107518.0,107561.0,103877.0,105343.0,2301224,0,1548137739,109710.5
2022-12-13,105345.0,106689.0,103409.0,103540.0,2545293,0,1770161633,109229.45
2022-12-14,103536.0,104516.0,101632.0,103746.0,3416797,0,2495034646,108904.6
2022-12-15,103739.0,105483.0,103014.0,103738.0,2238069,0,1556770737,108606.35
2022-12-16,103737.0,104018.0,102248.0,102856.0,2077985,0,1826366254,108305.65
2022-12-19,102859.0,105107.0,102770.0,104740.0,1945935,0,1679035237,108055.25
2022-12-20,104740.0,107792.0,104607.0,106864.0,2353392,0,1912498334,107946.6
2022-12-21,106866.0,107991.0,106066.0,107433.0,2082297,0,1763554543,107876.2
2022-12-22,107436.0,108383.0,106510.0,107552.0,1558930,0,1149417934,107662.25
2022-12-23,107552.0,109994.0,107552.0,109698.0,1690151,0,1284966244,107698.3
2022-12-26,109699.0,109755.0,108309.0,108738.0,874477,0,521897533,107696.1
2022-12-27,108739.0,109353.0,107418.0,108578.0,1543784,0,1116144533,107579.5
2022-12-28,108578.0,110536.0,108578.0,110237.0,1559233,0,1119375436,107467.05
2022-12-29,110237.0,111178.0,109560.0,109735.0,1448813,0,1338788257,107407.5
2023-01-02,109734.0,109734.0,105981.0,106376.0,4822005,0,2334420048,107130.1
2023-01-03,106377.0,106684.0,103852.0,104166.0,2164643,0,1446631239,106868.35
2023-01-04,104167.0,105627.0,103915.0,105335.0,2264499,0,1445944945,106625.65
2023-01-05,105336.0,107743.0,105333.0,107641.0,2179424,0,1550923140,106554.25
2023-01-06,107642.0,109433.0,107642.0,108964.0,1863343,0,1262414835,106640.0
2023-01-09,108964.0,109938.0,108134.0,109130.0,8835989,0,6116417536,106720.5
2023-01-10,109129.0,111193.0,108478.0,110817.0,1904382,0,1370069843,106994.2
2023-01-11,110816.0,112552.0,110752.0,112517.0,1990961,0,1446131636,107443.05
2023-01-12,112516.0,113129.0,110982.0,111850.0,2075688,0,1984220641,107848.25
2023-01-13,111844.0,111847.0,110428.0,110916.0,1680212,0,1593894836,108207.15
2023-01-16,110908.0,110908.0,108753.0,109213.0,1551268,0,1251231939,108525.0
2023-01-17,109214.0,111578.0,109214.0,111439.0,2064721,0,1436294236,108859.95
2023-01-18,111442.0,113306.0,111441.0,112228.0,1955004,0,1411572636,109128.15
2023-01-19,112219.0,113172.0,111307.0,112922.0,1702228,0,1560236830,109402.6
2023-01-20,112922.0,113025.0,111735.0,112041.0,1982009,0,1543606434,109627.05
2023-01-23,112041.0,113061.0,111542.0,111737.0,1702224,0,1224711140,109729.0
2023-01-24,111746.0,113040.0,111669.0,113028.0,1689190,0,1156389238,109943.5
2023-01-25,113028.0,114427.0,111927.0,114270.0,1697032,0,1141327538,110228.1
2023-01-26,114271.0,114835.0,113591.0,114178.0,1547209,0,1092123630,110425.15
2023-01-27,114178.0,114191.0,112045.0,112316.0,1541591,0,1059384934,110554.2
2023-01-30,112319.0,112920.0,111824.0,112273.0,1598451,0,1127575035,110849.05
2023-01-31,112273.0,113691.0,112145.0,113431.0,1950984,0,1289943843,111312.3
2023-02-01,113430.0,113598.0,110730.0,112074.0,2032000,0,1782111446,111649.25
2023-02-02,112072.0,112943.0,109747.0,110141.0,2117526,0,1524445734,111774.25
2023-02-03,110141.0,110570.0,108185.0,108524.0,1944445,0,1323496332,111752.25
2023-02-06,108518.0,108744.0,107416.0,108722.0,1711017,0,1151443233,111731.85
2023-02-07,108727.0,109037.0,107234.0,107830.0,1714609,0,1295512334,111582.5
2023-02-08,107832.0,110175.0,107830.0,109952.0,1898886,0,1383608834,111454.25
2023-02-09,109952.0,110046.0,107767.0,108008.0,1838564,0,1295580442,111262.15
2023-02-10,108002.0,108647.0,107620.0,108078.0,1941613,0,1446235836,111120.25
2023-02-13,108074.0,109193.0,107420.0,108837.0,1579265,0,997379934,111101.45
2023-02-14,108839.0,109564.0,107557.0,107849.0,1830098,0,1189427136,110921.95
2023-02-15,107849.0,110210.0,107267.0,109600.0,2161555,0,1550083542,110790.55
2023-02-16,109599.0,110437.0,108378.0,109942.0,1843077,0,1300478346,110641.55
2023-02-17,109942.0,109942.0,108969.0,109177.0,1680127,0,1005818936,110498.35
2023-02-22,109174.0,109174.0,106720.0,107152.0,7920811,0,4677505744,110269.1
2023-02-23,107152.0,108663.0,106731.0,107593.0,1671650,0,1145881831,109997.35
2023-02-24,107582.0,107611.0,105360.0,105798.0,1481670,0,1023066233,109573.75
2023-02-27,105807.0,106402.0,105227.0,105711.0,2781844,0,1914226639,109150.4
2023-02-28,105706.0,106794.0,104932.0,104932.0,1854814,0,1567063657,108781.2
2023-03-01,104933.0,105497.0,103105.0,104385.0,2605819,0,1985109052,108386.8
2023-03-02,104375.0,104912.0,103321.0,103326.0,1971133,0,1473789645,107881.55
2023-03-03,103326.0,104440.0,103323.0,103866.0,1756127,0,1310105333,107471.15
2023-03-06,103865.0,105171.0,103170.0,104700.0,1749044,0,1427785144,107199.1
2023-03-07,104700.0,105179.0,103480.0,104228.0,1499155,0,1258407644,106984.3
2023-03-08,104228.0,106721.0,104228.0,106540.0,1910857,0,1587274246,106875.2
2023-03-09,106540.0,106724.0,105053.0,105071.0,1966736,0,1918198147,106737.25
2023-03-10,105071.0,105071.0,103201.0,103618.0,1863631,0,1795188636,106420.55
2023-03-13,103608.0,103907.0,102255.0,103121.0,1759435,0,1299370140,106176.2
2023-03-14,103121.0,104154.0,102482.0,102932.0,5078998,0,3941199136,105918.9
2023-03-15,102930.0,103048.0,100692.0,102676.0,2322943,0,1524628937,105610.85
2023-03-16,102683.0,103911.0,102455.0,103435.0,5455467,0,4317281638,105390.15
2023-03-17,103434.0,103434.0,101664.0,101982.0,1890390,0,1755841356,105009.25
2023-03-20,101982.0,102328.0,100679.0,100923.0,1596511,0,1089968636,104558.3
2023-03-21,100923.0,101670.0,100923.0,100998.0,1408230,0,967199043,104149.35
2023-03-22,100998.0,101888.0,100129.0,100221.0,1565347,0,1150437042,103802.8
2023-03-23,100221.0,101126.0,96997.0,97926.0,1957210,0,1566228842,103319.45
2023-03-24,97926.0,99258.0,97688.0,98829.0,1658839,0,1241133040,102971.0
2023-03-27,98833.0,99997.0,98833.0,99670.0,1375708,0,999036436,102668.95
2023-03-28,99672.0,101559.0,99488.0,101185.0,1675411,0,1349526836,102481.6
2023-03-29,101185.0,102213.0,100248.0,101793.0,1646530,0,1245572247,102352.0
2023-03-30,101796.0,104085.0,101796.0,103714.0,1897895,0,1490098146,102371.4
2023-03-31,103714.0,104041.0,101476.0,101882.0,2005222,0,1511563244,102272.2
2023-04-03,101883.0,101916.0,100651.0,101506.0,1770358,0,1279642039,102112.5
2023-04-04,101505.0,103056.0,101505.0,101870.0,1615552,0,1169570239,101994.6
2023-04-05,101869.0,101961.0,99898.0,100978.0,1700954,0,1325636445,101716.5
2023-04-06,100978.0,101628.0,100443.0,100822.0,1396006,0,981812939,101504.05
2023-04-10,100822.0,102196.0,100819.0,101847.0,1152716,0,814836538,101415.5
2023-04-11,101849.0,106455.0,101848.0,106214.0,2249250,0,1873803135,101570.15
2023-04-12,106218.0,108277.0,106217.0,106890.0,2512534,0,1734515749,101768.05
2023-04-13,106890.0,107037.0,106220.0,106458.0,1755570,0,1218270846,101957.15
2023-04-14,106458.0,106701.0,104934.0,106279.0,3312918,0,2300198043,102099.35
2023-04-17,106279.0,106830.0,105623.0,106016.0,1424026,0,1025304640,102301.05
2023-04-18,106023.0,106475.0,105122.0,106163.0,1524762,0,1120748436,102563.05
2023-04-19,106149.0,106149.0,103604.0,103913.0,1788283,0,1271329636,102708.8
2023-04-20,103914.0,104615.0,103087.0,104367.0,1453869,0,1238711033,102916.1
2023-04-24,104367.0,104822.0,103247.0,103947.0,1413639,0,1093518937,103217.15
2023-04-25,103947.0,103947.0,102633.0,103220.0,1459533,0,1087297649,103436.7
2023-04-26,103220.0,103668.0,102233.0,102312.0,1333458,0,1011544553,103568.8
2023-04-27,102310.0,103177.0,101975.0,102923.0,1436031,0,1130048652,103655.7
2023-04-28,102923.0,104432.0,102449.0,104432.0,1543076,0,1308721662,103787.65
2023-05-02,104431.0,104447.0,101570.0,101927.0,1840640,0,1188431447,103698.3
2023-05-03,101927.0,102331.0,101433.0,101797.0,1719076,0,1168801451,103694.05
2023-05-04,101798.0,103321.0,101064.0,102174.0,2167357,0,1483752540,103727.45
2023-05-05,102175.0,105306.0,102175.0,105149.0,1974856,0,1675331644,103891.4
2023-05-08,105161.0,106716.0,105161.0,106042.0,1838144,0,1325875565,104144.6
2023-05-09,106028.0,107731.0,105549.0,107114.0,1676975,0,1352647851,104459.2
2023-05-10,107114.0,107744.0,106538.0,107448.0,1645666,0,1357824344,104739.25
2023-05-11,107446.0,108667.0,106419.0,108256.0,1705614,0,1277136748,104841.35
2023-05-12,108256.0,108817.0,107497.0,108464.0,1839601,0,1192401955,104920.05
2023-05-15,108469.0,109271.0,108356.0,109029.0,1477252,0,1160191934,105048.6
2023-05-16,109029.0,110151.0,108085.0,108194.0,1839967,0,1690813741,105144.35
2023-05-17,108194.0,109774.0,108188.0,109460.0,1874469,0,1399460041,105316.55
2023-05-18,109459.0,110206.0,108864.0,110109.0,1927441,0,1361420336,105513.85
2023-05-19,110113.0,111211.0,109787.0,110745.0,1920689,0,1613476238,105855.45
2023-05-22,110745.0,111643.0,110178.0,110213.0,1588613,0,1176927443,106147.75
2023-05-23,110213.0,111325.0,109713.0,109929.0,1665138,0,1233406537,106446.85
2023-05-24,109920.0,109920.0,108546.0,108800.0,1848205,0,1297080540,106725.85
2023-05-25,108800.0,111115.0,108800.0,110054.0,1940740,0,1474878637,107112.95
2023-05-26,110058.0,111706.0,109900.0,110906.0,1606468,0,1102177933,107512.1
2023-05-29,110906.0,111168.0,110195.0,110333.0,875936,0,591296741,107807.15
2023-05-30,110333.0,111291.0,108552.0,108967.0,1551981,0,1159073639,108159.15
2023-05-31,108967.0,109137.0,108193.0,108335.0,1559229,0,1585792655,108486.05
2023-06-01,108339.0,110745.0,108335.0,110565.0,2309838,0,1467105943,108905.6
2023-06-02,110568.0,113070.0,110567.0,112558.0,49371637,0,33458915437,109276.05
2023-06-05,112558.0,113071.0,111736.0,112696.0,1405113,0,907805342,109608.75
2023-06-06,112697.0,114783.0,112696.0,114610.0,2238700,0,1502382935,109983.55
2023-06-07,114610.0,115978.0,114610.0,115488.0,1907715,0,1402525439,110385.55
2023-06-09,115489.0,117603.0,115489.0,117020.0,2129929,0,1352656335,110823.75
2023-06-12,117022.0,117735.0,116704.0,117336.0,1775800,0,1201585035,111267.35
2023-06-13,117337.0,117924.0,116363.0,116743.0,2088650,0,1239181934,111653.05
2023-06-14,116753.0,119085.0,116745.0,119069.0,2315144,0,1694409144,112196.8
2023-06-15,119069.0,119686.0,118693.0,119221.0,1941893,0,1229236542,112684.85
2023-06-16,119208.0,119555.0,118487.0,118758.0,1967136,0,1524884549,113117.3
2023-06-19,118757.0,119939.0,118558.0,119858.0,1055686,0,677609832,113572.95
2023-06-20,119858.0,119858.0,118416.0,119622.0,1787671,0,1092408037,114043.4
2023-06-21,119623.0,120519.0,119332.0,120420.0,1736301,0,1175056737,114567.95
2023-06-22,120420.0,120420.0,118018.0,118934.0,1748369,0,1183016554,115074.65
2023-06-23,118959.0,119386.0,118178.0,118977.0,1777763,0,1284472239,115520.8
2023-06-26,118977.0,119148.0,117491.0,118243.0,1377445,0,1045650841,115887.65
2023-06-27,118246.0,119212.0,116561.0,117523.0,1983293,0,1307621732,116247.15
2023-06-28,117524.0,117937.0,116560.0,116681.0,1708144,0,1065116735,116632.85
2023-06-29,116683.0,118623.0,116683.0,118383.0,1558720,0,1103804036,117135.25
2023-06-30,118388.0,119447.0,118087.0,118087.0,2129112,0,1382451435,117511.35
2023-07-03,118092.0,119877.0,118092.0,119673.0,1515206,0,890726946,117867.1
2023-07-04,119673.0,119678.0,118831.0,119076.0,997882,0,656724644,118186.1
2023-07-05,119072.0,120200.0,118688.0,119549.0,1623743,0,1095892737,118433.05
2023-07-06,119548.0,119548.0,117096.0,117426.0,1690883,0,1102540838,118529.95
2023-07-07,117427.0,119549.0,117427.0,118898.0,1604514,0,1052061839,118623.85
2023-07-10,118897.0,118897.0,117815.0,117942.0,1239814,0,810382334,118654.15
2023-07-11,117942.0,117942.0,115704.0,117220.0,1918384,0,1059377838,118678.0
2023-07-12,117557.0,119157.0,117557.0,117667.0,1440270,0,885485740,118607.9
2023-07-13,117671.0,119739.0,117668.0,119264.0,1378190,0,925744237,118610.05
2023-07-14,119268.0,119329.0,117526.0,117711.0,1369930,0,898277439,118557.7
2023-07-17,117711.0,118302.0,116591.0,118220.0,1369434,0,820255536,118475.8
2023-07-18,118218.0,118732.0,117324.0,117841.0,1352038,0,859463535,118386.75
2023-07-19,117842.0,118012.0,116660.0,117552.0,1424500,0,972839840,118243.35
2023-07-20,117558.0,118290.0,117484.0,118083.0,1563820,0,899075537,118200.8
2023-07-21,118090.0,120373.0,118086.0,120217.0,1722737,0,1118317142,118262.8
2023-07-24,120220.0,121772.0,120099.0,121342.0,1664587,0,1053185739,118417.75
2023-07-25,121344.0,123010.0,121344.0,122008.0,1669091,0,1142682045,118642.0
2023-07-26,122003.0,122747.0,121370.0,122560.0,1365161,0,998875034,118935.95
2023-07-27,122560.0,122599.0,119825.0,119990.0,1402877,0,1066252044,119016.3
2023-07-28,120002.0,120660.0,119706.0,120187.0,1294759,0,846429340,119121.3
2023-07-31,120188.0,122149.0,120188.0,121943.0,1423202,0,1012225538,119234.8
2023-08-01,121945.0,121945.0,120154.0,121248.0,1507564,0,1030242739,119343.4
2023-08-02,121249.0,121252.0,119798.0,120859.0,1372974,0,1056606341,119408.9
2023-08-03,120860.0,122619.0,120365.0,120586.0,1636401,0,1302712340,119566.9
2023-08-04,120586.0,121442.0,119215.0,119508.0,1924279,0,1506479537,119597.4
2023-08-07,119509.0,120104.0,118894.0,119380.0,1243940,0,872683047,119669.3
2023-08-08,119378.0,119553.0,117492.0,119090.0,1460833,0,1025929434,119762.8
2023-08-09,119090.0,119090.0,117901.0,118409.0,1750111,0,1124541247,119799.9
2023-08-10,118412.0,119438.0,118113.0,118350.0,1405216,0,1269091740,119754.2
2023-08-11,118350.0,119054.0,117415.0,118065.0,1593609,0,1186866441,119771.9
2023-08-14,118067.0,118082.0,116530.0,116810.0,4505194,0,3361172733,119701.4
2023-08-15,116809.0,117697.0,116033.0,116171.0,1867828,0,1463586938,119617.9
2023-08-16,116171.0,117338.0,115534.0,115592.0,2083757,0,1886221341,119519.9
2023-08-17,115592.0,116611.0,114859.0,114982.0,1981761,0,1274613840,119364.85
2023-08-18,114973.0,115729.0,114423.0,115409.0,1368363,0,1060078744,119124.45
2023-08-21,115404.0,115425.0,114067.0,114429.0,1321942,0,979402945,118778.8
2023-08-22,114433.0,116286.0,114433.0,116156.0,1346111,0,982840642,118486.2
2023-08-23,116160.0,118135.0,116159.0,118135.0,1695055,0,1162049901,118264.95
2023-08-24,118135.0,118136.0,116848.0,117026.0,1254919,0,916812346,118116.75
2023-08-25,117025.0,117252.0,115397.0,115837.0,1300458,0,921392339,117899.25
2023-08-28,115838.0,117253.0,115836.0,117121.0,1208962,0,959685845,117658.15
2023-08-29,117124.0,118493.0,117124.0,118404.0,1389003,0,963107734,117515.95
2023-08-30,118404.0,118841.0,117471.0,117535.0,1235718,0,891126341,117349.75
2023-08-31,117537.0,117637.0,115742.0,115742.0,1416768,0,1295444057,117107.55
2023-09-01,115744.0,117991.0,115744.0,117893.0,1577236,0,1189042451,117026.8
2023-09-04,117893.0,118576.0,117590.0,117777.0,879980,0,553276545,116946.65
2023-09-05,117776.0,117957.0,116637.0,117331.0,1640113,0,1087053945,116858.7
2023-09-06,117331.0,117971.0,115984.0,115985.0,1473166,0,991602235,116737.5
2023-09-08,115979.0,115979.0,114839.0,115313.0,1407120,0,836321639,116585.65
2023-09-11,115316.0,117131.0,115316.0,116883.0,1312989,0,878861437,116526.55
2023-09-12,116885.0,118154.0,116885.0,117968.0,1242714,0,919275543,116584.45
2023-09-13,117968.0,119318.0,117722.0,118176.0,1652799,0,1209076841,116684.7
2023-09-14,118181.0,119748.0,118181.0,119392.0,1414421,0,1327896240,116874.7
2023-09-15,119393.0,119780.0,118667.0,118758.0,1304068,0,1611612352,117063.5
2023-09-18,118759.0,119486.0,118123.0,118288.0,1302499,0,1127743240,117207.45
2023-09-19,118293.0,118458.0,117628.0,117846.0,4364902,0,3436130837,117378.3
2023-09-20,117864.0,119616.0,117847.0,118695.0,1471550,0,1051896539,117505.25
2023-09-21,118695.0,118695.0,116013.0,116145.0,1930027,0,1378983031,117405.75
2023-09-22,116147.0,116968.0,115856.0,116009.0,1372342,0,1057693935,117354.9
2023-09-25,116009.0,116031.0,115573.0,115925.0,1235593,0,957983639,117359.3
2023-09-26,115923.0,115923.0,114162.0,114193.0,1578997,0,1124098337,117212.9
2023-09-27,114193.0,115340.0,113366.0,114327.0,3421808,0,2671829441,117009.05
2023-09-28,114327.0,115954.0,114181.0,115731.0,1555967,0,1038635744,116918.85
2023-09-29,115742.0,116899.0,115742.0,116565.0,1384758,0,1114308249,116960.0
2023-10-02,116565.0,116672.0,114761.0,115057.0,3760492,0,2557415153,116818.2
2023-10-03,115055.0,115056.0,113151.0,113419.0,1657176,0,1110447749,116600.3
2023-10-04,113430.0,114075.0,113036.0,113608.0,1501746,0,1081359736,116414.15
2023-10-05,113609.0,114359.0,112705.0,113284.0,1393126,0,950705539,116279.1
2023-10-06,113283.0,114491.0,111599.0,114170.0,1806370,0,1312178535,116221.95
2023-10-09,114169.0,115219.0,113448.0,115156.0,1519218,0,947436937,116135.6
2023-10-10,115158.0,116900.0,115158.0,116737.0,1592166,0,1162139548,116074.05
2023-10-11,116737.0,117099.0,116231.0,117051.0,1421379,0,994970042,116017.8
2023-10-13,117050.0,117070.0,115658.0,115754.0,1701640,0,1060780137,115835.9
2023-10-16,115760.0,116905.0,115760.0,116534.0,1375925,0,898983433,115724.7
2023-10-17,116526.0,116917.0,115564.0,115908.0,1745997,0,1037544536,115605.7
2023-10-18,115907.0,115907.0,113952.0,114060.0,2188493,0,1549193543,115416.4
2023-10-19,114060.0,115063.0,113768.0,114004.0,1602783,0,1150415735,115181.85
2023-10-20,113996.0,114090.0,112533.0,113155.0,1388800,0,1173900238,115032.35
2023-10-23,113145.0,113680.0,112164.0,112785.0,7578145,0,5354882238,114871.15
2023-10-24,112814.0,114249.0,112814.0,113762.0,1376591,0,1071123443,114763.0
2023-10-25,113762.0,114319.0,112680.0,112830.0,1431782,0,1232736943,114694.85
2023-10-26,112840.0,114886.0,112840.0,114777.0,1568942,0,1280618346,114717.35
2023-10-27,114777.0,115342.0,112953.0,113301.0,1467670,0,1229396241,114595.85
2023-10-30,113303.0,114204.0,112309.0,112532.0,1416087,0,974160239,114394.2
2023-10-31,112535.0,113597.0,112098.0,113144.0,1211012,0,1055847544,114298.55
2023-11-01,113157.0,115433.0,113157.0,115053.0,1908281,0,1390397836,114380.25
2023-11-03,115062.0,118502.0,115062.0,118160.0,2088309,0,1571351542,114607.85
2023-11-06,118160.0,118758.0,118045.0,118431.0,1500859,0,1016615428,114865.2
2023-11-07,118422.0,119577.0,118026.0,119268.0,2167564,0,1639274434,115120.1
2023-11-08,119268.0,119976.0,118464.0,119177.0,1779523,0,1519298840,115321.15
2023-11-09,119181.0,120257.0,118446.0,119034.0,1826948,0,1556767336,115436.0
2023-11-10,119036.0,120823.0,119036.0,120568.0,1807002,0,1174961637,115611.85
2023-11-13,120561.0,120606.0,119878.0,120410.0,1489054,0,1119818841,115844.65
2023-11-14,120411.0,123370.0,120411.0,123166.0,2748838,0,1948778943,116176.25
2023-11-16,123165.0,124737.0,123165.0,124639.0,2786743,0,1835456143,116612.8
2023-11-17,124639.0,125431.0,124547.0,124773.0,1962371,0,1572347639,117148.45
2023-11-20,124773.0,126162.0,124773.0,125957.0,1745107,0,1110822241,117746.1
2023-11-21,125957.0,125957.0,125060.0,125626.0,1530139,0,1079572634,118369.65
2023-11-22,125626.0,126875.0,125439.0,126035.0,1960208,0,1405973735,119032.15
2023-11-23,126035.0,126760.0,125764.0,126576.0,1023757,0,782290633,119672.85
2023-11-24,126553.0,126553.0,125341.0,125517.0,1274297,0,961282740,120307.2
2023-11-27,125517.0,125826.0,124840.0,125732.0,1625573,0,1101364134,120854.95
2023-11-28,125726.0,126916.0,125388.0,126538.0,1560137,0,1239827142,121516.8
2023-11-29,126541.0,127388.0,126018.0,126166.0,1649676,0,1241886737,122198.5
2023-11-30,126168.0,127399.0,126168.0,127331.0,1883412,0,1924072846,122907.85
2023-12-01,127331.0,128185.0,126656.0,128185.0,1885543,0,1369986544,123564.45
2023-12-04,128183.0,128183.0,126643.0,126803.0,1497689,0,1027018038,123996.6
2023-12-05,126802.0,127489.0,126509.0,126930.0,797438,0,495955100,124421.55
2023-12-06,126907.0,127488.0,125614.0,125691.0,980921,0,592374000,124742.7
2023-12-07,125623.0,126578.0,125566.0,125809.0,984672,0,668140300,125074.3
2023-12-08,126010.0,127289.0,125562.0,127094.0,1446782,0,1074517546,125477.3
2023-12-11,127093.0,127154.0,126526.0,126916.0,1094695,0,709431140,125794.7
2023-12-12,126923.0,127359.0,126013.0,126403.0,1166174,0,1027095138,126094.35
2023-12-13,126406.0,129793.0,126299.0,129465.0,2089579,0,1506651335,126409.3
2023-12-14,129469.0,131260.0,129469.0,130842.0,2391991,0,1582594242,126719.45
2023-12-15,130842.0,131661.0,129884.0,130197.0,1707591,0,1514044453,126990.65
2023-12-18,130202.0,131447.0,130198.0,131084.0,1453264,0,960424147,127247.0
2023-12-19,131088.0,132047.0,131086.0,131851.0,1559999,0,942949747,127558.25
2023-12-20,131851.0,132341.0,130710.0,130804.0,1417940,0,1033547344,127796.7
2023-12-21,130826.0,132277.0,130822.0,132182.0,1287322,0,868084243,128077.0
2023-12-22,132182.0,133035.0,132094.0,132753.0,1299549,0,823114346,128438.8
2023-12-26,132753.0,133645.0,132753.0,133533.0,888179,0,515269537,128828.85
2023-12-27,133523.0,134196.0,133328.0,134194.0,909583,0,616804833,129211.65
2023-12-28,134194.0,134392.0,133832.0,134185.0,987944,0,781435456,129612.6
2024-01-02,134186.0,134195.0,132095.0,132697.0,1421566,0,845966844,129880.9
2024-01-03,132697.0,133576.0,132250.0,132834.0,1352932,0,870233835,130113.35
2024-01-04,132831.0,132885.0,131024.0,131226.0,1275901,0,897226541,130334.5
2024-01-05,131218.0,132635.0,130579.0,132023.0,1304138,0,919941738,130589.15
2024-01-08,132023.0,132498.0,131015.0,132427.0,1348068,0,850834433,130925.95
2024-01-09,132424.0,132426.0,131204.0,131447.0,4225968,0,2787194440,131207.85
2024-01-10,131447.0,131628.0,130438.0,130841.0,1417905,0,895861044,131395.2
2024-01-11,130841.0,131308.0,129898.0,130649.0,1491644,0,975773941,131581.85
2024-01-12,130652.0,131927.0,130410.0,130988.0,1266498,0,1066191635,131811.1
2024-01-15,130988.0,131606.0,130253.0,131521.0,856432,0,574663537,131913.9
2024-01-16,131515.0,131517.0,129147.0,129294.0,1789222,0,1191061536,131836.5
2024-01-17,129293.0,129296.0,128312.0,128524.0,1764102,0,995227936,131752.85
2024-01-18,128524.0,129047.0,127316.0,127316.0,1473581,0,1246071739,131564.45
2024-01-19,127319.0,127820.0,126533.0,127636.0,1417965,0,1196146138,131353.7
2024-01-22,127636.0,127843.0,125876.0,126602.0,1285772,0,950882946,131143.6
2024-01-23,126612.0,128331.0,126612.0,128263.0,1487527,0,936577647,130947.65
2024-01-24,128275.0,129446.0,127680.0,127816.0,1361657,0,882776443,130700.8
2024-01-25,127815.0,128697.0,127803.0,128169.0,1151623,0,875806543,130432.6
2024-01-26,128196.0,129252.0,127869.0,128967.0,1145740,0,850603137,130171.25
2024-01-29,128970.0,129068.0,127853.0,128503.0,1081683,0,877662939,129887.15
2024-01-30,128492.0,128492.0,127105.0,127402.0,1388650,0,1004898238,129622.4
2024-01-31,127402.0,129559.0,127326.0,127752.0,1657558,0,1249244539,129368.3
2024-02-01,127752.0,128481.0,127284.0,128481.0,1574135,0,1022545446,129231.05
2024-02-02,128471.0,128878.0,126628.0,127182.0,1670642,0,1098269739,128989.0
2024-02-05,127182.0,127834.0,126443.0,127594.0,1427399,0,963710136,128747.35
2024-02-06,127593.0,130417.0,127593.0,130416.0,1726676,0,1378029141,128695.8
2024-02-07,130412.0,130552.0,129426.0,129950.0,1712848,0,1542529346,128651.25
2024-02-08,129950.0,130126.0,127912.0,128217.0,1566933,0,1363476137,128529.65
2024-02-09,128216.0,128896.0,127579.0,128026.0,1529623,0,1211563643,128381.55
2024-02-14,128026.0,128026.0,126663.0,127018.0,1281211,0,774803642,128156.4
2024-02-15,127018.0,127824.0,126933.0,127804.0,1458307,0,1097916042,128081.9
2024-02-16,127809.0,129069.0,127653.0,128726.0,1311003,0,1012848839,128092.0
2024-02-19,128720.0,129036.0,128097.0,129036.0,909059,0,579900639,128178.0
2024-02-20,129033.0,129916.0,128326.0,129916.0,1453521,0,1223690933,128292.0
2024-02-21,129916.0,130034.0,129359.0,130032.0,1458463,0,1258227245,128463.5
2024-02-22,130035.0,130830.0,129971.0,130241.0,1352937,0,1077283744,128562.4
